[{"id":"user-image-566359.png","publicUrl":"np://user.desktop.nicepage.com/Site_627408646/images/566359.png","size":3517,"fileName":"566359.png","name":"566359","width":128,"height":128,"thumbnail":{"url":"np://user.desktop.nicepage.com/Site_627408646/images/thumbnails/566359.png","width":128,"height":128,"length":3517},"usages":["627502269"]},{"id":"user-image-1061917.png","publicUrl":"np://user.desktop.nicepage.com/Site_627408646/images/1061917.png","size":2942,"fileName":"1061917.png","name":"1061917","width":128,"height":128,"thumbnail":{"url":"np://user.desktop.nicepage.com/Site_627408646/images/thumbnails/1061917.png","width":128,"height":128,"length":2942},"usages":["627502269"]},{"id":"user-image-1865083.png","publicUrl":"np://user.desktop.nicepage.com/Site_627408646/images/1865083.png","size":3247,"fileName":"1865083.png","name":"1865083","width":128,"height":128,"thumbnail":{"url":"np://user.desktop.nicepage.com/Site_627408646/images/thumbnails/1865083.png","width":128,"height":128,"length":3247},"usages":["627502269"]},{"id":"user-image-205d33fb-71c4-40dc-a07f-7a1273e85973.png","publicUrl":"np://user.desktop.nicepage.com/Site_627408646/images/205d33fb-71c4-40dc-a07f-7a1273e85973.png","size":2837,"fileName":"205d33fb-71c4-40dc-a07f-7a1273e85973.png","name":"205d33fb-71c4-40dc-a07f-7a1273e85973","width":128,"height":128,"thumbnail":{"url":"np://user.desktop.nicepage.com/Site_627408646/images/thumbnails/205d33fb-71c4-40dc-a07f-7a1273e85973.png","width":128,"height":128,"length":2837},"originalUrl":"//images01.nicepagecdn.com/c461c07a441a5d220e8feb1a/161ee57e48db58a0bd8de6c2/205d33fb-71c4-40dc-a07f-7a1273e85973.png","usages":["627502269"]},{"id":"user-image-2111463.png","publicUrl":"np://user.desktop.nicepage.com/Site_627408646/images/2111463.png","size":10067,"fileName":"2111463.png","name":"2111463","width":128,"height":128,"thumbnail":{"url":"np://user.desktop.nicepage.com/Site_627408646/images/thumbnails/2111463.png","width":128,"height":128,"length":10067},"usages":[]},{"id":"user-image-2791568.png","publicUrl":"np://user.desktop.nicepage.com/Site_627408646/images/2791568.png","size":1734,"fileName":"2791568.png","name":"2791568","width":128,"height":128,"thumbnail":{"url":"np://user.desktop.nicepage.com/Site_627408646/images/thumbnails/2791568.png","width":128,"height":128,"length":1734},"originalUrl":"//images01.nicepagecdn.com/c461c07a441a5d220e8feb1a/cf0ef5298e1b55e59d0de056/2791568.png","usages":["627502269"]},{"id":"user-image-2934394.png","publicUrl":"np://user.desktop.nicepage.com/Site_627408646/images/2934394.png","size":3130,"fileName":"2934394.png","name":"2934394","width":128,"height":128,"thumbnail":{"url":"np://user.desktop.nicepage.com/Site_627408646/images/thumbnails/2934394.png","width":128,"height":128,"length":3130},"usages":["627502269"]},{"id":"user-image-483408.png","publicUrl":"np://user.desktop.nicepage.com/Site_627408646/images/483408.png","size":2040,"fileName":"483408.png","name":"483408","width":128,"height":128,"thumbnail":{"url":"np://user.desktop.nicepage.com/Site_627408646/images/thumbnails/483408.png","width":128,"height":128,"length":2040},"usages":["627502269"]},{"id":"user-image-483947.png","publicUrl":"np://user.desktop.nicepage.com/Site_627408646/images/483947.png","size":2464,"fileName":"483947.png","name":"483947","width":128,"height":128,"thumbnail":{"url":"np://user.desktop.nicepage.com/Site_627408646/images/thumbnails/483947.png","width":128,"height":128,"length":2464},"usages":["627502269"]},{"id":"user-image-10791290.png","publicUrl":"np://user.desktop.nicepage.com/Site_627408646/images/10791290.png","size":2486,"fileName":"10791290.png","name":"10791290","width":128,"height":128,"thumbnail":{"url":"np://user.desktop.nicepage.com/Site_627408646/images/thumbnails/10791290.png","width":128,"height":128,"length":2486},"usages":["627502269"]},{"id":"user-image-627502269-01.jpeg","publicUrl":"np://user.desktop.nicepage.com/Site_627408646/images/627502269-01.jpeg","size":316632,"fileName":"627502269-01.jpeg","name":"627502269-01","width":1553,"height":1000,"thumbnail":{"url":"np://user.desktop.nicepage.com/Site_627408646/images/thumbnails/627502269-01.jpeg","width":250,"height":161},"usages":["627502269"]},{"id":"user-image-6909626.png","publicUrl":"np://user.desktop.nicepage.com/Site_627408646/images/6909626.png","size":2453,"fileName":"6909626.png","name":"6909626","width":128,"height":128,"thumbnail":{"url":"np://user.desktop.nicepage.com/Site_627408646/images/thumbnails/6909626.png","width":128,"height":128,"length":2453},"usages":["627502269"]},{"id":"user-image-953812.png","publicUrl":"np://user.desktop.nicepage.com/Site_627408646/images/953812.png","size":2762,"fileName":"953812.png","name":"953812","width":128,"height":128,"thumbnail":{"url":"np://user.desktop.nicepage.com/Site_627408646/images/thumbnails/953812.png","width":128,"height":128,"length":2762},"usages":["627502269"]},{"id":"user-image-9e5d8cddfebe79cd4b8aeaab1a990c17ffc713c3731307655ce898b6308f1a9eb0c93137b707e008a5bfb740400e492cea7da12b42a31d85cec632_1280.jpg","publicUrl":"np://user.desktop.nicepage.com/Site_627408646/images/9e5d8cddfebe79cd4b8aeaab1a990c17ffc713c3731307655ce898b6308f1a9eb0c93137b707e008a5bfb740400e492cea7da12b42a31d85cec632_1280.jpg","size":141903,"fileName":"9e5d8cddfebe79cd4b8aeaab1a990c17ffc713c3731307655ce898b6308f1a9eb0c93137b707e008a5bfb740400e492cea7da12b42a31d85cec632_1280.jpg","name":"9e5d8cddfebe79cd4b8aeaab1a990c17ffc713c3731307655ce898b6308f1a9eb0c93137b707e008a5bfb740400e492cea7da12b42a31d85cec632_1280","width":1280,"height":853,"thumbnail":{"url":"np://user.desktop.nicepage.com/Site_627408646/images/thumbnails/9e5d8cddfebe79cd4b8aeaab1a990c17ffc713c3731307655ce898b6308f1a9eb0c93137b707e008a5bfb740400e492cea7da12b42a31d85cec632_1280.jpg","width":250,"height":167},"usages":["627502269"]},{"id":"user-image-asdasd.png","publicUrl":"np://user.desktop.nicepage.com/Site_627408646/images/asdasd.png","size":165011,"fileName":"asdasd.png","name":"asdasd","width":6000,"height":2336,"thumbnail":{"url":"np://user.desktop.nicepage.com/Site_627408646/images/thumbnails/asdasd.png","width":250,"height":97},"usages":[]},{"id":"user-image-custom_resized_fac94172-b4aa-4a6c-8e0a-fda493020b3a.png","publicUrl":"np://user.desktop.nicepage.com/Site_627408646/images/custom_resized_fac94172-b4aa-4a6c-8e0a-fda493020b3a.png","size":1615172,"fileName":"custom_resized_fac94172-b4aa-4a6c-8e0a-fda493020b3a.png","name":"custom_resized_fac94172-b4aa-4a6c-8e0a-fda493020b3a","width":1920,"height":1280,"thumbnail":{"url":"np://user.desktop.nicepage.com/Site_627408646/images/thumbnails/custom_resized_fac94172-b4aa-4a6c-8e0a-fda493020b3a.png","width":250,"height":167},"usages":["627502269"]}]